USE Ecommerce_sales;

-- Customers

SET SQL_SAFE_UPDATES = 0;
DELETE FROM customers;

INSERT INTO customers (customer_id, name, gender, age, email, phone, address) VALUES
(1, 'Anay Shanker', 'Male', 19, 'mamootyboase@hotmail.com', '+918196001338', '86/379, Tailor Road, Kozhikode 542351'),
(2, 'Vaibhav Bava', 'Female', 33, 'lavanya40@hotmail.com', '08161849593', '34/131, Dewan Marg, Bharatpur 553419'),
(3, 'Hazel Sethi', 'Male', 26, 'anahigupta@reddy-sankaran.net', '+915030564139', '76/724, Dasgupta Street, Bhimavaram 965328'),
(4, 'Divij Shroff', 'Male', 61, 'bosemishti@sule.biz', '1669784801', 'H.No. 462, Agarwal Chowk, Orai 814893'),
(5, 'Umang Singh', 'Male', 55, 'ramsamarth@andra-bhalla.com', '03039117182', '24/89, Cherian Marg, Bijapur-578713'),
(6, 'Chirag Gara', 'Female', 20, 'khushichoudhary@banik.com', '+911051834738', '763, Bava Zila, Raichur-670106'),
(7, 'Yasmin Venkataraman', 'Male', 23, 'kartikchandran@kapur.com', '07317810801', '77, Venkatesh Ganj, Allahabad-606474'),
(8, 'Rasha Setty', 'Male', 32, 'kanavdivan@gmail.com', '+919805009788', '12/19, Sandal Zila, Sambhal-939909'),
(9, 'Aaina Saha', 'Male', 53, 'lagan53@yahoo.com', '02475107991', '42/51, Goyal Ganj, Sangli-Miraj & Kupwad 849808'),
(10, 'Nitara Ben', 'Male', 63, 'farhan18@deshpande.org', '+915348740164', 'H.No. 24, Shanker Street, Suryapet 801128'),
(11, 'Tushar Manne', 'Female', 32, 'cbhatt@gopal-yogi.com', '03315869232', 'H.No. 256, Deol Ganj, Moradabad-073375'),
(12, 'Yashvi Viswanathan', 'Female', 55, 'anaysahni@iyengar.com', '+914586850142', 'H.No. 965, Kamdar Path, Kharagpur 406088'),
(13, 'Tejas Kale', 'Female', 18, 'misha51@yogi.com', '6564823662', '04/43, Srivastava Marg, Kirari Suleman Nagar 738721'),
(14, 'Drishya Saini', 'Male', 62, 'tanksuhana@gmail.com', '4332003791', '93/676, Borah Ganj, Aligarh-328708'),
(15, 'Gatik Kari', 'Female', 39, 'hsama@rajan.info', '8687277434', 'H.No. 71, Dalal Road, Thanjavur-812236'),
(16, 'Renee Chhabra', 'Female', 27, 'vjani@kaul.com', '06909670546', '34, Kibe Marg, Pali-627298'),
(17, 'Vihaan Rajagopalan', 'Male', 39, 'routaaryahi@verma.com', '+914653755646', '08, Gill Nagar, Coimbatore 033092'),
(18, 'Gokul Khalsa', 'Male', 23, 'anahitasarma@sinha-gour.com', '9124190496', 'H.No. 931, Varghese Road, Buxar-586518'),
(19, 'Abram Vala', 'Female', 24, 'bbera@yahoo.com', '7262849877', 'H.No. 31, Wadhwa Road, Latur-996507'),
(20, 'Jivin Kohli', 'Female', 40, 'yasmin45@wable-raju.com', '0831367837', 'H.No. 143, Saraf Marg, Farrukhabad-788568'),
(21, 'Sumer Sarna', 'Female', 20, 'ryan43@gmail.com', '3518233749', '435, Dora Street, Deoghar 400842'),
(22, 'Ehsaan Viswanathan', 'Female', 52, 'anaya77@chanda-bal.com', '01167190229', '186, Raju, Nagaon 774964'),
(23, 'Manjari Shankar', 'Male', 42, 'mishticherian@sahota-baria.com', '+912812067974', 'H.No. 47, Sankar Zila, Bilaspur 618324'),
(24, 'Devansh Balan', 'Male', 53, 'kimaya94@bhatia-kaur.com', '6488771906', 'H.No. 139, Anne, Gangtok 278742'),
(25, 'Myra Talwar', 'Female', 58, 'keerstuvan@yahoo.com', '05125674680', 'H.No. 45, Som Zila, Kottayam-876038'),
(26, 'Misha Shukla', 'Female', 54, 'dsidhu@gmail.com', '08247710932', '61/31, Bhargava Chowk, Panchkula 846773'),
(27, 'Ishita Bora', 'Male', 63, 'kismatkumar@hotmail.com', '+911465840449', '87, Ganesan Path, Sirsa-339636'),
(28, 'Samar Sharma', 'Male', 20, 'qhans@hotmail.com', '+917028951718', '26/217, Gara Road, Jodhpur-865780'),
(29, 'Miraan Raval', 'Male', 36, 'siyabath@yahoo.com', '+911724005045', '386, Sanghvi, Tirunelveli 196937'),
(30, 'Mehul Kashyap', 'Male', 32, 'qdatta@gmail.com', '04821759464', '671, Halder Ganj, Ramgarh-406409'),
(31, 'Mahika Sharma', 'Male', 42, 'urvi39@yahoo.com', '+913942104709', 'H.No. 456, Chaudhry Street, Panvel 884247'),
(32, 'Siya Virk', 'Female', 47, 'kaurdhanuk@gmail.com', '+916851604817', '65/13, Arora Chowk, Phagwara 174612'),
(33, 'Armaan Doshi', 'Female', 28, 'bavamiraan@hotmail.com', '+916758692617', 'H.No. 537, Dalal Chowk, Navi Mumbai-850643'),
(34, 'Amani Bath', 'Female', 40, 'bakshivedika@dara-bhatnagar.org', '+911839335290', '842, Sahota Zila, Mira-Bhayandar 539502'),
(35, 'Baiju Bhatnagar', 'Male', 60, 'sharmachirag@yahoo.com', '05891783908', '00/766, Korpal Zila, Srinagar 592124'),
(36, 'Vaibhav Raju', 'Female', 62, 'mkrishnan@yahoo.com', '+911836736576', 'H.No. 65, Grover Road, Bhalswa Jahangir Pur-111615'),
(37, 'Ivana Balan', 'Male', 56, 'jhasumer@hotmail.com', '00494519832', 'H.No. 585, Singh Zila, Chapra-689980'),
(38, 'Aniruddh Chana', 'Male', 52, 'shayak50@gmail.com', '+919612018366', '545, Raju, Faridabad-290147'),
(39, 'Aradhya Raman', 'Male', 28, 'ndeshpande@hotmail.com', '+915614978403', 'H.No. 343, Singhal Street, Ramagundam-107622'),
(40, 'Hazel Sarraf', 'Female', 42, 'devansh60@andra-karpe.com', '09696641605', '51/613, Raja Marg, Loni-645352'),
(41, 'Diya Ravel', 'Female', 58, 'urvighosh@seth-tank.com', '+911243292127', '99/552, Bandi Chowk, Mango-490581'),
(42, 'Anahi Kara', 'Male', 61, 'gourreyansh@roy.org', '8679807935', 'H.No. 715, Krishnan Zila, Thane-778892'),
(43, 'Umang Dhaliwal', 'Female', 21, 'vsoman@hotmail.com', '0515186449', 'H.No. 925, Sagar Road, Bikaner-486528'),
(44, 'Neelofar Sampath', 'Male', 20, 'advik54@gmail.com', '+915733221418', '29/62, Chana Street, Bahraich 653794'),
(45, 'Mehul Loke', 'Female', 43, 'zoya73@sane-mangal.info', '04688623924', 'H.No. 81, Varghese Circle, Anantapuram 247826'),
(46, 'Madhup Taneja', 'Female', 22, 'anay60@yahoo.com', '5361530515', 'H.No. 472, Kapur Chowk, Vijayawada-432898'),
(47, 'Faiyaz Soni', 'Male', 54, 'romilbhat@gmail.com', '+916971179808', 'H.No. 60, Goda, Aurangabad-218518'),
(48, 'Vidur Vohra', 'Female', 31, 'ravividur@yahoo.com', '00515319520', '27/722, Sehgal Zila, Vadodara 303054'),
(49, 'Inaaya  Khalsa', 'Female', 43, 'shettyneelofar@gmail.com', '05054156676', '75, Deol Circle, Khandwa 692845'),
(50, 'Dhanush Gade', 'Female', 27, 'alia96@gmail.com', '7570596401', '20/29, Badal Chowk, Jabalpur-556909'),
(51, 'Parinaaz Kar', 'Female', 26, 'ahana-19@gmail.com', '5654310278', 'H.No. 47, Ramesh Ganj, Pallavaram-121727'),
(52, 'Zoya Sanghvi', 'Male', 65, 'rhea18@hotmail.com', '04225831323', 'H.No. 89, Kaur Path, Pudukkottai-146786'),
(53, 'Kashvi Bansal', 'Female', 65, 'nayantara17@sangha-kuruvilla.com', '+918922680182', '535, Wason Circle, Vijayawada 384249'),
(54, 'Damini Rege', 'Female', 55, 'jayansahni@sem.com', '0010943969', '84/473, Dixit Marg, Srinagar 276773'),
(55, 'Mahika Bora', 'Female', 41, 'sana56@gmail.com', '08815371473', 'H.No. 469, Dash Marg, Khammam-327877'),
(56, 'Charvi Apte', 'Male', 26, 'dkrishnan@chokshi.com', '+910479748016', '56/506, Mane Nagar, Mirzapur-168784'),
(57, 'Gokul Bava', 'Female', 23, 'yashvi58@yahoo.com', '+913986800025', '982, Ramesh Path, Ujjain-949588'),
(58, 'Rhea Manda', 'Male', 25, 'btandon@yahoo.com', '01694097499', '72/89, Borah Marg, Patna-307562'),
(59, 'Prisha Chaudry', 'Male', 58, 'vviswanathan@hotmail.com', '+912838578652', '54/97, Dasgupta Ganj, Proddatur-344375'),
(60, 'Stuvan Mammen', 'Male', 61, 'gatik98@yahoo.com', '05240415747', '48/42, Randhawa Zila, Latur-833016'),
(61, 'Saanvi Keer', 'Female', 56, 'aarushmaharaj@jani.info', '03454019380', '067, Shere Street, Agra-499154'),
(62, 'Nayantara Magar', 'Male', 42, 'dishanikaur@yahoo.com', '+911527420549', '66/85, Iyer Zila, Udaipur-753046'),
(63, 'Alia Shetty', 'Female', 56, 'romil99@gmail.com', '05301742684', 'H.No. 93, Bhavsar Ganj, Jamnagar 956878'),
(64, 'Tarini Dasgupta', 'Female', 51, 'tlalla@barad-manda.com', '+918839822587', '97/187, Karan Nagar, Anand 790874'),
(65, 'Vivaan Datta', 'Female', 53, 'kavyabansal@kakar.com', '0170462265', '61, Bhavsar Circle, Kochi-868230'),
(66, 'Rohan Kata', 'Male', 61, 'otata@gmail.com', '05243106903', 'H.No. 907, Samra, Sambalpur-673830'),
(67, 'Damini Dhillon', 'Male', 61, 'kashvi95@dora.net', '+916440892687', '68/566, Doctor Street, Udaipur 334270'),
(68, 'Zeeshan Mallick', 'Female', 59, 'qdara@gandhi.com', '05183046990', '83/73, Doshi Path, Rajpur Sonarpur 173936'),
(69, 'Ishita Dyal', 'Female', 25, 'ikaul@hotmail.com', '04458771753', '09, Shanker Ganj, Pune 899642'),
(70, 'Shalv Contractor', 'Female', 45, 'charvimaharaj@hotmail.com', '5477725228', '08/01, Singhal Nagar, Haridwar-312038'),
(71, 'Umang Balan', 'Male', 47, 'aanand@hotmail.com', '6008484086', 'H.No. 823, Rao Ganj, Raichur-615679'),
(72, 'Rasha Chowdhury', 'Male', 64, 'sachdevanehmat@gmail.com', '+916668700217', '18/03, Yohannan Ganj, Gopalpur-148902'),
(73, 'Advik Chawla', 'Female', 50, 'tbarad@manda.org', '08562185016', 'H.No. 99, Issac, Ludhiana-773586'),
(74, 'Kabir Sangha', 'Male', 50, 'sommiraya@yahoo.com', '+911142626551', 'H.No. 75, Behl Road, Chandigarh 678886'),
(75, 'Anay Basu', 'Male', 58, 'rajukismat@yahoo.com', '00466183982', '444, Bora Chowk, Rourkela-464715'),
(76, 'Nishith Sen', 'Female', 58, 'amirabera@gmail.com', '00659657569', 'H.No. 93, Dugar Chowk, Sikar-479356'),
(77, 'Vedika Hegde', 'Male', 27, 'mandakrish@hotmail.com', '2807374167', '426, Bansal Marg, Khora -968868'),
(78, 'Vritika Gole', 'Female', 28, 'sodhinishith@salvi.org', '+919656101438', 'H.No. 67, Sant, Hapur-714611'),
(79, 'Stuvan Dugal', 'Male', 56, 'nsrinivasan@hotmail.com', '05717751401', '12/382, Buch Circle, Karaikudi 736226'),
(80, 'Aniruddh Shan', 'Female', 49, 'brajagopalan@agate-sarraf.com', '+914191825537', '78/596, Hayre, Karnal 792499'),
(81, 'Pari Bhavsar', 'Male', 25, 'darryan@gmail.com', '+915286692966', '82/827, Boase Road, Satna-905072'),
(82, 'Veer Mand', 'Female', 37, 'fsani@yahoo.com', '7721903404', '797, Kumer Circle, Chapra-485807'),
(83, 'Aarna Behl', 'Male', 21, 'arhaan74@venkataraman-taneja.com', '01339596292', 'H.No. 958, Raju Road, North Dumdum-494812'),
(84, 'Biju Devi', 'Male', 54, 'nishithbora@dyal.biz', '02946671168', '75, Agarwal, Berhampore 186363'),
(85, 'Priyansh Edwin', 'Male', 23, 'ira92@hotmail.com', '05001701277', '242, Batra Road, Chandrapur 520643'),
(86, 'Neysa Bath', 'Female', 22, 'chhabraanvi@bhatti.com', '7005162713', '11/554, Halder Street, Asansol-890927'),
(87, 'Saira Chhabra', 'Male', 26, 'rrandhawa@vasa-chopra.com', '+912196565234', '99/94, Vala Nagar, Tiruppur 640376'),
(88, 'Nakul Krish', 'Female', 53, 'golesamar@hari.biz', '08271091043', '84, Sinha Circle, Bhusawal 188924'),
(89, 'Sahil Baral', 'Male', 34, 'heergade@raj-ravel.com', '06303161799', '21/020, Kothari Street, Nagaon 252410'),
(90, 'Zara Kala', 'Female', 31, 'deepriya@hotmail.com', '1778507925', 'H.No. 913, Agarwal Circle, Ahmedabad-075622'),
(91, 'Ishita Suri', 'Male', 63, 'samarthdash@yahoo.com', '5419518023', 'H.No. 744, Bassi Path, Bangalore 349493'),
(92, 'Tushar Rajagopal', 'Female', 43, 'sanayohannan@hotmail.com', '+912060385050', 'H.No. 383, Korpal Marg, Ajmer-103865'),
(93, 'Siya Basak', 'Female', 46, 'navyatank@barad-rajagopalan.org', '+916234456557', 'H.No. 329, Brahmbhatt Zila, Dehradun 756185'),
(94, 'Alisha Dube', 'Female', 25, 'fateh12@hotmail.com', '09035213568', 'H.No. 20, Varma Marg, Miryalaguda 171210'),
(95, 'Vanya Choudhry', 'Male', 32, 'yakshitgrewal@rau.org', '4101372151', 'H.No. 296, Kothari Marg, Eluru 253244'),
(96, 'Indrajit Badal', 'Male', 39, 'charvi68@balasubramanian-bassi.com', '02638380657', '85/64, Arya Street, Kavali-040785'),
(97, 'Indranil Bedi', 'Male', 55, 'priyanshloke@bala.org', '05223955905', '84, Korpal Street, Mysore-393087'),
(98, 'Shalv Rana', 'Male', 55, 'shloksekhon@suresh.com', '+912921851569', 'H.No. 52, Setty Street, Morbi 289539'),
(99, 'Uthkarsh Dube', 'Male', 18, 'jayeshsethi@gmail.com', '9690295939', '513, Dutta Path, Hubli–Dharwad 704331'),
(100, 'Onkar Srivastava', 'Male', 63, 'bajwaveer@sha-kadakia.com', '07658617932', 'H.No. 405, Ben Road, Tiruvottiyur-621815');

-- Products
INSERT INTO products (product_id, product_name, category, price, stock_quantity) VALUES
(1, 'Saepe Sint', 'Electronics', 2366.52, 473),
(2, 'Perspiciatis Voluptatibus', 'Electronics', 8610.39, 46),
(3, 'Aliquam Non', 'Beauty', 2456.25, 352),
(4, 'Ullam Doloremque', 'Home & Kitchen', 2220.94, 77),
(5, 'Sequi Nostrum', 'Beauty', 5804.5, 134),
(6, 'Dolore Asperiores', 'Home & Kitchen', 8094.22, 107),
(7, 'Consequuntur Iure', 'Electronics', 1059.62, 230),
(8, 'Enim Eaque', 'Books', 4293.43, 249),
(9, 'Nemo Voluptatem', 'Electronics', 6766.31, 340),
(10, 'Quod Quis', 'Electronics', 700.07, 382),
(11, 'Fuga Ut', 'Books', 8025.87, 65),
(12, 'Id In', 'Clothing', 1996.74, 284),
(13, 'Ex Consequatur', 'Home & Kitchen', 1487.8, 103),
(14, 'Architecto Mollitia', 'Books', 4680.02, 457),
(15, 'Rem Quo', 'Electronics', 4486.99, 451),
(16, 'Porro Dolor', 'Beauty', 1069.3, 343),
(17, 'Asperiores Magni', 'Beauty', 8376.67, 57),
(18, 'A Nobis', 'Clothing', 1746.48, 258),
(19, 'Commodi Impedit', 'Home & Kitchen', 2216.1, 215),
(20, 'Ut Sunt', 'Electronics', 1729.91, 11),
(21, 'Sapiente Perferendis', 'Home & Kitchen', 2725.51, 411),
(22, 'Eligendi Consequatur', 'Home & Kitchen', 2923.97, 366),
(23, 'Alias Enim', 'Beauty', 6652.53, 259),
(24, 'Dolores Tempore', 'Clothing', 1979.99, 121),
(25, 'Illum Beatae', 'Electronics', 5833.88, 287),
(26, 'Pariatur Cum', 'Electronics', 7504.96, 39),
(27, 'Inventore Nam', 'Electronics', 5883.36, 267),
(28, 'Optio Porro', 'Beauty', 1658.58, 270),
(29, 'Ut Fuga', 'Electronics', 8528.29, 45),
(30, 'Consectetur Temporibus', 'Beauty', 772.81, 451),
(31, 'Quisquam Molestias', 'Clothing', 4097.38, 492),
(32, 'Ea Maxime', 'Beauty', 2537.53, 314),
(33, 'Modi Maxime', 'Electronics', 6231.88, 224),
(34, 'Ea Occaecati', 'Beauty', 5695.75, 171),
(35, 'Aperiam Fuga', 'Books', 2122.17, 376),
(36, 'Nulla Omnis', 'Books', 2462.99, 212),
(37, 'Fuga Et', 'Clothing', 6749.73, 163),
(38, 'Fugiat Recusandae', 'Home & Kitchen', 3230.15, 394),
(39, 'Assumenda Distinctio', 'Electronics', 192.22, 328),
(40, 'Voluptatem Vel', 'Beauty', 9961.35, 47),
(41, 'Consequatur Blanditiis', 'Beauty', 2210.23, 145),
(42, 'Velit Laborum', 'Clothing', 9339.27, 461),
(43, 'Quis Neque', 'Electronics', 8804.78, 199),
(44, 'Repudiandae Eum', 'Books', 1661.69, 436),
(45, 'Quod Assumenda', 'Beauty', 7065.05, 323),
(46, 'Molestias Quasi', 'Beauty', 177.45, 428),
(47, 'Nihil Quidem', 'Beauty', 3063.85, 349),
(48, 'Vitae Pariatur', 'Electronics', 9395.41, 78),
(49, 'Rem Ex', 'Books', 1242.74, 64),
(50, 'Pariatur In', 'Beauty', 1638.93, 154),
(51, 'Beatae Nam', 'Beauty', 2185.23, 185),
(52, 'Aliquid Provident', 'Clothing', 6906.22, 446),
(53, 'Rem Quas', 'Books', 5103.55, 138),
(54, 'Rem Veritatis', 'Electronics', 1013.75, 226),
(55, 'Sit Dignissimos', 'Books', 536.46, 180),
(56, 'Cumque Occaecati', 'Clothing', 6407.42, 144),
(57, 'Doloribus Doloremque', 'Clothing', 7438.19, 292),
(58, 'Error Earum', 'Home & Kitchen', 5652.98, 67),
(59, 'Debitis Animi', 'Electronics', 9456.0, 363),
(60, 'Nisi Beatae', 'Clothing', 5501.34, 437),
(61, 'Vero Nostrum', 'Books', 5866.84, 85),
(62, 'Eligendi Sunt', 'Home & Kitchen', 1361.71, 167),
(63, 'Dignissimos Saepe', 'Books', 8999.92, 417),
(64, 'Facilis Ipsum', 'Electronics', 8999.35, 117),
(65, 'Atque Commodi', 'Clothing', 6702.64, 191),
(66, 'Molestias Quos', 'Beauty', 8852.93, 218),
(67, 'Nam Quod', 'Beauty', 7519.83, 483),
(68, 'Itaque Harum', 'Clothing', 8659.6, 419),
(69, 'Quasi Officia', 'Clothing', 8826.02, 22),
(70, 'Accusantium Voluptates', 'Clothing', 7391.99, 180),
(71, 'Soluta Repudiandae', 'Home & Kitchen', 8042.13, 452),
(72, 'Quasi Nihil', 'Clothing', 2741.38, 413),
(73, 'Culpa Nesciunt', 'Electronics', 3887.16, 29),
(74, 'Distinctio Dignissimos', 'Home & Kitchen', 2302.09, 428),
(75, 'Reiciendis Repudiandae', 'Home & Kitchen', 3561.62, 430),
(76, 'Reprehenderit Consequuntur', 'Clothing', 2306.94, 347),
(77, 'Corrupti Recusandae', 'Clothing', 4044.81, 152),
(78, 'Consequuntur Illo', 'Electronics', 9672.2, 152),
(79, 'Quidem Laborum', 'Books', 6450.67, 214),
(80, 'Neque Fuga', 'Beauty', 3378.38, 24),
(81, 'Molestiae Ullam', 'Electronics', 8782.68, 143),
(82, 'Placeat Rem', 'Clothing', 5847.84, 145),
(83, 'Sequi Pariatur', 'Electronics', 1173.19, 232),
(84, 'Amet Doloribus', 'Books', 7312.6, 170),
(85, 'Harum Necessitatibus', 'Home & Kitchen', 6101.47, 271),
(86, 'Dicta Sit', 'Electronics', 3913.43, 305),
(87, 'Sequi Vero', 'Clothing', 2621.75, 372),
(88, 'Voluptate Natus', 'Home & Kitchen', 116.74, 483),
(89, 'Amet Nam', 'Beauty', 6899.89, 491),
(90, 'Iure Voluptas', 'Clothing', 3705.79, 45),
(91, 'Ex Architecto', 'Books', 6269.24, 349),
(92, 'Pariatur Fugiat', 'Electronics', 7225.57, 163),
(93, 'Minima Adipisci', 'Beauty', 3161.92, 219),
(94, 'Labore Incidunt', 'Books', 4083.76, 161),
(95, 'Ipsa Hic', 'Beauty', 1360.15, 225),
(96, 'Porro Voluptatem', 'Home & Kitchen', 6805.45, 472),
(97, 'Vitae Consequuntur', 'Clothing', 6193.6, 164),
(98, 'Eum Deleniti', 'Home & Kitchen', 5524.58, 10),
(99, 'In Numquam', 'Books', 2940.45, 230),
(100, 'Iste Fugiat', 'Beauty', 6105.95, 174);

-- Orders
INSERT INTO orders (order_id, customer_id, order_date, total_amount) VALUES
(1, 60, '2025-05-16', 15608.87),
(2, 57, '2025-03-16', 53775.34),
(3, 57, '2025-04-22', 11376.09),
(4, 87, '2025-04-30', 40360.27),
(5, 28, '2025-01-12', 35125.0),
(6, 66, '2025-01-31', 26256.06),
(7, 61, '2025-03-21', 14547.76),
(8, 95, '2025-02-05', 7985.44),
(9, 22, '2025-06-21', 4757.34),
(10, 85, '2025-06-03', 8566.73),
(11, 11, '2025-03-15', 17095.0),
(12, 37, '2025-05-18', 18944.23),
(13, 66, '2025-03-30', 10995.25),
(14, 85, '2025-05-22', 52113.92),
(15, 82, '2025-04-05', 58434.3),
(16, 80, '2025-06-12', 33170.17),
(17, 43, '2025-03-08', 21273.2),
(18, 12, '2025-06-03', 26331.79),
(19, 97, '2025-01-05', 21183.75),
(20, 31, '2025-04-05', 15696.78),
(21, 87, '2025-05-28', 5817.22),
(22, 40, '2025-01-25', 38125.74),
(23, 29, '2025-01-07', 15426.1),
(24, 26, '2025-02-24', 9877.02),
(25, 19, '2025-05-12', 23124.14),
(26, 4, '2025-04-03', 8149.2),
(27, 6, '2025-03-14', 21446.46),
(28, 32, '2025-01-21', 20443.94),
(29, 61, '2025-05-26', 5344.22),
(30, 79, '2025-06-09', 2101.74),
(31, 99, '2025-04-06', 32035.34),
(32, 10, '2025-06-14', 11870.8),
(33, 59, '2025-04-15', 19762.47),
(34, 54, '2024-12-31', 33871.06),
(35, 81, '2025-01-28', 4458.17),
(36, 74, '2025-02-01', 24335.55),
(37, 25, '2025-06-13', 26432.06),
(38, 92, '2025-06-05', 43995.1),
(39, 90, '2025-02-02', 23726.65),
(40, 50, '2025-06-06', 33843.78),
(41, 64, '2025-01-06', 8373.54),
(42, 52, '2025-02-12', 26108.52),
(43, 32, '2025-01-01', 2226.92),
(44, 19, '2025-03-24', 3273.78),
(45, 84, '2025-01-04', 24541.01),
(46, 89, '2025-06-22', 36168.12),
(47, 1, '2025-03-05', 40522.21),
(48, 97, '2025-05-11', 37432.36),
(49, 99, '2025-02-02', 29391.02),
(50, 14, '2025-02-17', 6927.65);


-- Order Items
INSERT INTO order_items (order_item_id, order_id, product_id, quantity, unit_price) VALUES
(1, 1, 70, 1, 778.03),
(2, 1, 30, 4, 3500.35),
(3, 1, 91, 2, 414.72),
(4, 2, 43, 5, 2383.03),
(5, 2, 8, 2, 4181.17),
(6, 2, 50, 5, 4735.7),
(7, 2, 3, 5, 1963.87),
(8, 3, 46, 3, 3792.03),
(9, 4, 69, 5, 4019.35),
(10, 4, 29, 4, 1175.17),
(11, 4, 56, 4, 242.22),
(12, 4, 44, 4, 3648.49),
(13, 5, 17, 5, 2717.21),
(14, 5, 51, 5, 2865.52),
(15, 5, 4, 1, 3249.47),
(16, 5, 18, 4, 990.47),
(17, 6, 49, 3, 1137.14),
(18, 6, 42, 3, 3830.03),
(19, 6, 49, 3, 3784.85),
(20, 7, 33, 1, 2404.5),
(21, 7, 96, 5, 355.22),
(22, 7, 45, 2, 3285.71),
(23, 7, 100, 1, 3795.74),
(24, 8, 26, 1, 3144.54),
(25, 8, 31, 2, 2420.45),
(26, 9, 73, 2, 2378.67),
(27, 10, 99, 3, 922.17),
(28, 10, 78, 1, 3911.18),
(29, 10, 21, 3, 629.68),
(30, 11, 40, 5, 3419.0),
(31, 12, 51, 2, 472.38),
(32, 12, 89, 2, 599.32),
(33, 12, 99, 3, 4266.44),
(34, 12, 77, 1, 4001.51),
(35, 13, 45, 5, 2199.05),
(36, 14, 9, 5, 3272.96),
(37, 14, 2, 4, 4129.42),
(38, 14, 14, 4, 4807.86),
(39, 15, 91, 2, 2233.89),
(40, 15, 94, 5, 4830.82),
(41, 15, 35, 5, 4060.18),
(42, 15, 69, 4, 2377.88),
(43, 16, 42, 2, 4170.58),
(44, 16, 12, 3, 4419.99),
(45, 16, 32, 4, 2892.26),
(46, 17, 44, 1, 2522.1),
(47, 17, 42, 2, 2488.99),
(48, 17, 46, 3, 1767.66),
(49, 17, 77, 3, 2823.38),
(50, 18, 11, 2, 3628.37);


-- Payments
INSERT INTO payments (payment_id, order_id, payment_date, payment_method, amount_paid) VALUES
(1, 1, '2025-06-11', 'Net Banking', 15608.87),
(2, 2, '2025-05-26', 'Net Banking', 53775.34),
(3, 3, '2025-05-24', 'UPI', 11376.09),
(4, 4, '2025-05-07', 'Net Banking', 40360.27),
(5, 5, '2024-12-27', 'UPI', 35125.0),
(6, 6, '2025-03-28', 'Credit Card', 26256.06),
(7, 7, '2025-06-20', 'Credit Card', 14547.76),
(8, 8, '2025-01-20', 'UPI', 7985.44),
(9, 9, '2025-04-30', 'Net Banking', 4757.34),
(10, 10, '2025-01-28', 'Net Banking', 8566.73),
(11, 11, '2025-04-21', 'UPI', 17095.0),
(12, 12, '2025-05-30', 'UPI', 18944.23),
(13, 13, '2024-12-27', 'Credit Card', 10995.25),
(14, 14, '2025-02-07', 'UPI', 52113.92),
(15, 15, '2025-02-13', 'Net Banking', 58434.3),
(16, 16, '2025-04-23', 'UPI', 33170.17),
(17, 17, '2025-05-31', 'UPI', 21273.2),
(18, 18, '2025-02-23', 'UPI', 26331.79),
(19, 19, '2025-05-13', 'Credit Card', 21183.75),
(20, 20, '2025-05-12', 'UPI', 15696.78),
(21, 21, '2025-04-29', 'COD', 5817.22),
(22, 22, '2025-02-17', 'COD', 38125.74),
(23, 23, '2025-03-18', 'COD', 15426.1),
(24, 24, '2025-06-17', 'Net Banking', 9877.02),
(25, 25, '2025-03-09', 'Net Banking', 23124.14),
(26, 26, '2025-06-09', 'UPI', 8149.2),
(27, 27, '2025-03-03', 'COD', 21446.46),
(28, 28, '2025-03-25', 'Credit Card', 20443.94),
(29, 29, '2025-02-12', 'COD', 5344.22),
(30, 30, '2025-02-06', 'COD', 2101.74),
(31, 31, '2025-03-26', 'Net Banking', 32035.34),
(32, 32, '2025-02-22', 'Net Banking', 11870.8),
(33, 33, '2025-05-06', 'Credit Card', 19762.47),
(34, 34, '2025-04-06', 'Net Banking', 33871.06),
(35, 35, '2025-06-04', 'Credit Card', 4458.17),
(36, 36, '2025-04-26', 'Net Banking', 24335.55),
(37, 37, '2025-03-13', 'COD', 26432.06),
(38, 38, '2025-04-18', 'COD', 43995.1),
(39, 39, '2025-01-14', 'Credit Card', 23726.65),
(40, 40, '2024-12-27', 'Credit Card', 33843.78),
(41, 41, '2025-04-04', 'Net Banking', 8373.54),
(42, 42, '2025-05-03', 'Net Banking', 26108.52),
(43, 43, '2025-06-07', 'Credit Card', 2226.92),
(44, 44, '2025-06-06', 'Credit Card', 3273.78),
(45, 45, '2025-03-08', 'COD', 24541.01),
(46, 46, '2025-04-14', 'COD', 36168.12),
(47, 47, '2025-04-30', 'Credit Card', 40522.21),
(48, 48, '2025-04-20', 'COD', 37432.36),
(49, 49, '2025-04-23', 'UPI', 29391.02),
(50, 50, '2025-02-18', 'Net Banking', 6927.65);

-- Shipping
INSERT INTO shipping (shipping_id, order_id, shipping_date, shipping_address, delivery_date, shipping_status) VALUES
(1, 1, '2025-01-31', '87/584, Trivedi Street, Durg 724825', '2025-02-05', 'Delivered'),
(2, 2, '2025-05-02', 'H.No. 34, Subramaniam Marg, Serampore 947170', '2025-05-06', 'Delivered'),
(3, 3, '2025-06-12', '816, Dixit Circle, Meerut 235697', '2025-06-15', 'Shipped'),
(4, 4, '2025-01-22', 'H.No. 752, Ravel Path, Kolkata 432927', '2025-01-25', 'Pending'),
(5, 5, '2025-05-27', '66/66, Handa Chowk, Agra 505830', '2025-06-06', 'Pending'),
(6, 6, '2025-05-06', '542, Handa Zila, Rourkela 044789', '2025-05-16', 'Delivered'),
(7, 7, '2025-04-06', '25/753, Tak Street, Surat 323098', '2025-04-13', 'Pending'),
(8, 8, '2025-01-27', '06/489, Rajan Nagar, Moradabad 016761', '2025-01-31', 'Pending'),
(9, 9, '2025-04-11', '23/046, Saini Zila, Medininagar 618914', '2025-04-19', 'Delivered'),
(10, 10, '2025-01-17', '934, Chaudhuri Circle, Alappuzha 208737', '2025-01-21', 'Delivered'),
(11, 11, '2025-02-28', 'H.No. 119, Borde Chowk, Sasaram-143744', '2025-03-04', 'Pending'),
(12, 12, '2025-03-26', '045, Kala Path, Bareilly 022557', '2025-04-04', 'Delivered'),
(13, 13, '2025-04-25', 'H.No. 52, Iyer Zila, Sirsa 676212', '2025-05-03', 'Shipped'),
(14, 14, '2025-05-10', 'H.No. 697, Sane, Bokaro 590277', '2025-05-15', 'Shipped'),
(15, 15, '2025-01-16', 'H.No. 145, Sarraf Nagar, Sonipat-637562', '2025-01-22', 'Pending'),
(16, 16, '2025-06-06', '28/772, Sheth Zila, Pondicherry 540838', '2025-06-15', 'Delivered'),
(17, 17, '2025-04-29', '177, Kapur, Panchkula-517016', '2025-05-09', 'Delivered'),
(18, 18, '2025-03-16', 'H.No. 994, Mand Circle, Sirsa 503758', '2025-03-22', 'Shipped'),
(19, 19, '2025-05-24', '71/130, Goel Path, Motihari-102726', '2025-05-29', 'Shipped'),
(20, 20, '2025-01-15', '163, Tella Chowk, Sonipat 609177', '2025-01-24', 'Shipped'),
(21, 21, '2025-05-02', 'H.No. 808, Tripathi Marg, Danapur-922169', '2025-05-08', 'Shipped'),
(22, 22, '2025-04-22', '93, Issac Road, Durg 226984', '2025-05-02', 'Pending'),
(23, 23, '2025-06-07', '394, Samra Path, Mangalore 158799', '2025-06-15', 'Delivered'),
(24, 24, '2025-05-04', '08, Arora Zila, Ulhasnagar-034244', '2025-05-09', 'Pending'),
(25, 25, '2025-01-23', '805, Behl Chowk, Kishanganj 384066', '2025-01-27', 'Shipped'),
(26, 26, '2025-03-16', 'H.No. 439, Thakkar Chowk, Arrah 347212', '2025-03-18', 'Pending'),
(27, 27, '2025-01-28', 'H.No. 648, Bhattacharyya Road, Bhimavaram 057202', '2025-02-06', 'Shipped'),
(28, 28, '2025-06-24', '94/798, Bansal Path, Hajipur 281826', '2025-07-04', 'Delivered'),
(29, 29, '2025-04-10', 'H.No. 33, Gandhi Path, Durg-987801', '2025-04-20', 'Delivered'),
(30, 30, '2025-05-04', '993, Sanghvi Nagar, Eluru 648408', '2025-05-10', 'Delivered'),
(31, 31, '2025-06-03', '04, Dyal Ganj, Jalandhar 880133', '2025-06-07', 'Shipped'),
(32, 32, '2025-06-11', '861, Arora Street, Bathinda-110248', '2025-06-20', 'Pending'),
(33, 33, '2025-01-08', '67, Kalita Marg, Pune-180919', '2025-01-12', 'Shipped'),
(34, 34, '2025-01-03', '14/49, Dhaliwal Zila, Eluru 072832', '2025-01-06', 'Delivered'),
(35, 35, '2025-05-20', '24/508, Bobal Circle, Kalyan-Dombivli-996881', '2025-05-29', 'Shipped'),
(36, 36, '2025-02-23', '682, Chanda Street, Tadepalligudem-312908', '2025-02-25', 'Shipped'),
(37, 37, '2025-03-25', '14/139, Gandhi Chowk, Warangal 149135', '2025-03-27', 'Shipped'),
(38, 38, '2025-03-30', '49/29, Gopal, Haldia-053364', '2025-04-09', 'Shipped'),
(39, 39, '2025-06-07', '57/775, Kohli Road, Akola 428341', '2025-06-12', 'Shipped'),
(40, 40, '2025-05-16', '09/96, Cherian, Suryapet 887256', '2025-05-19', 'Shipped'),
(41, 41, '2025-02-07', '88, Issac Zila, Ambala 392827', '2025-02-12', 'Delivered'),
(42, 42, '2025-01-25', '75/037, Balay Ganj, Uluberia-038567', '2025-02-01', 'Delivered'),
(43, 43, '2025-06-22', 'H.No. 518, Tiwari Road, Adoni-665918', '2025-06-29', 'Delivered'),
(44, 44, '2025-02-12', '65/57, Wali Chowk, Orai-723184', '2025-02-16', 'Delivered'),
(45, 45, '2025-02-05', '591, Johal Ganj, Raipur-773926', '2025-02-11', 'Shipped'),
(46, 46, '2024-12-30', '992, Rau Street, Chapra-024286', '2025-01-03', 'Pending'),
(47, 47, '2025-04-21', 'H.No. 379, Vig Chowk, Tirunelveli 692929', '2025-04-30', 'Shipped'),
(48, 48, '2025-05-03', '57/991, Gulati Ganj, Mira-Bhayandar 038862', '2025-05-05', 'Delivered'),
(49, 49, '2025-04-22', '99, Vyas Nagar, Tiruchirappalli 298068', '2025-04-24', 'Shipped'),
(50, 50, '2025-03-17', '86/376, Raja Path, Khandwa 473149', '2025-03-22', 'Delivered');
